id; variant; power; real_weight; official_weight; options; start_date; model_id
1000;SPIDER;170;1136;1060;1,4T;2017-01-01;100
101000;BIPOSTO;190;1061;997;B.CRABOT - VITRES POLY - FULL OPTIONS;2015-01-01;10100
102000;;140;1158;1097;BVA;2013-01-01;10200
102001;;140;1140;1085;BVM;2010-01-01;10200
102002;COMPETIZIONE;160;1168;1090;BVA;2014-01-01;10200
103002;COMPETIZIONE;160;1122;1035;;2014-01-01;10300
103003;COMPETIZIONE;180;1110;1035;BVM;2015-01-01;10300
103004;COMPETIZIONE;180;1115;1045;PACK PERF - PONT AUTOBLOQUANT - BAQUETS SABELT;2018-01-01;10300
103005;ESSEESSSE;160;1124;1035;;2009-01-01;10300
2000;2,0 TURBO Q4;280;1756;1660;20"";2017-01-01;200
2001;2,2D Q4 LUSSO;210;1782;1584;;2018-01-01;200
201000;2,0 TS;155;1400;1350;;2001-01-01;20100
201001;V6 3,0 12V;192;1436;1420;;2001-01-01;20100
202000;RZ V6 3,0;210;1325;1260;;1993-01-01;20200
203000;1,4 MULTIAIR;135;1220;1135;;2013-01-01;20300
203001;1,4 T JET;155;1260;1175;;2010-01-01;20300
203002;QV;170;1255;1145;;2013-01-01;20300
203003;QV 1,4T BVA;170;1276;1170;;2015-01-01;20300
204000;2,0 JTDm EXCLUSIVE TCT;170;1494;1340;;2014-01-01;20400
204001;2,0 JTDm EXCLUSIVE TCT;175;1490;1335;;2015-01-01;20400
204002;QV BVA;240;1465;1395;BOITE AUTO;2014-01-01;20400
205000;V6 2,0 T;200;1422;1430;;1996-01-01;20500
205001;V6 24S;220;1430;1415;;2000-01-01;20500
206000;QV BVM;235;1436;1395;;2013-01-01;20600
207000;2,0 TB LUSSO;200;1614;1429;;2017-01-01;20700
207001;2,2D Q4 VELOCE;210;1650;1535;BOITE AUTO;2017-01-01;20700
207002;QV V6 3,0TT;510;1700;1524;BOITE AUTO - CERAMIQUES-BAQUETS CARBONE;2017-01-01;20700
207003;QV V6 3,0TT;510;1673;1505;BOITE MANUELLE-CERAMIQUES-BAQUETS CARBONE;2017-01-01;20700
207004;VELOCE Q4;280;1628;1530;;2018-01-01;20700
208000;2,2 JTS;185;1620;1470;;2010-01-01;20800
208001;3,2 V6 Q4;260;1780;1630;;2008-01-01;20800
208002;SPIDER 2,2JTS BM;185;1657;1530;TRACTION;2007-01-01;20800
208003;SPIDER 3,2 V6 Q4;260;1830;1690;;2009-01-01;20800
209000;GTV6 2,5;160;1215;1210;;1985-01-01;20900
2010000;1,3 Ti;86;920;895;;1983-01-01;201000
2010001;SPRINT 1,7QV;118;930;915;;1988-01-01;201000
2011000;;156;1230;1170;2,5 V6;1984-01-01;201100
2012000;TURBO 1,8;155;1160;1130;;1986-01-01;201200
2012001;V6 3,0 AMERICA;188;1300;1250;;1987-01-01;201200
2013000;;240;1016;895;18-19"" CLIM RADIO;2014-01-01;201300
2014000;16V PERMANENT 4;137;1070;1065;;1991-01-01;201400
2015000;3,2 V6 24V;240;1427;1410;;2003-01-01;201500
2015001;3,2 V6;240;1416;1445;;2003-01-01;201500
2016000;BERLINE 1750;118;1120;1080;;1971-01-01;201600
2016001;1750 Tbi;200;1605;1430;TOIT PANORAMIQUE - 19"";2010-01-01;201600
2017000;3,0 24V;226;1617;1510;;2002-01-01;201700
2017001;3,2L V6;240;1620;1540;;2004-01-01;201700
2018000;3,0 24V;210;1510;1434;;1993-01-01;201800
2018001;3,0 QV;200;1450;1430;;1990-01-01;201800
2018002;3,0 V6;184;1390;1350;;1991-01-01;201800
2018003;V6 2,0 TURBO;210;1450;1430;;1991-01-01;201800
2019000;1750;200;1590;1430;;2010-01-01;201900
2019001;STATION WAGON V6 3,2L Q4;260;1814;1730;QUATTRO;2006-01-01;201900
2020000;2,5 V6 24V BERLINE;192;1367;1320;;2002-01-01;202000
2020001;GTA;250;1438;1410;;2004-01-01;202000
2020002;GTA SW;250;1513;1460;;2002-01-01;202000
2021000;2,0 TWINSPARK;150;1264;1300;;1995-01-01;202100
2021001;Q4;190;1425;1390;;1993-01-01;202100
3000;BITURBO F10 6L;350;1930;1865;;2012-01-01;300
301000;BERLINE E90;200;1492;1460;;2006-01-01;30100
301001;BITURBO COUPE E92;214;1575;1555;;2009-01-01;30100
301002;BITURBO XDRIVE TOURING;350;1850;1725;;2013-01-01;30100
302000;2,5L;185;1188;1130;;1985-01-01;30200
302001;2,7L;210;1190;1160;;1986-01-01;30200
303000;BITURBO BREAK ALLRAD;440;1854;1770;AWD TOIT PANORAMIQUE;2018-01-01;30300
303001;BITURBO E92;400;1627;1560;;2010-01-01;30300
303002;BITURBO TOURING ALLRAD;608;2128;2045;;2018-01-01;30300
304000;3,5L;245;1354;1374;;1985-01-01;30400
305000;BITURBO E24;330;1535;1515;;1986-01-01;30500
305001;BITURBO E28;300;1447;1400;;1985-01-01;30500
305002;BITURBO E28;330;1560;1410;;1988-01-01;30500
305003;BITURBO V8 4,4;507;2104;2040;;2010-01-01;30500
305004;BITURBO V8 4,4;608;2127;2035;TOE - ALLROAD;2016-01-01;30500
305005;V8 4,4 K;500;2051;1970;TOE - 21"";2004-01-01;30500
306000;3,5L;261;1300;1270;;1988-01-01;30600
307000;2,8 E30;210;1230;1220;;1985-01-01;30700
307001;BITURBO COUPE 50eme ANNIV;600;1948;1870;;2015-01-01;30700
307002;BITURBO V8;540;1967;1950;;2012-01-01;30700
308000; V8 4,4L;530;1883;1720;;2008-01-01;30800
309000;BITURBO V8 4,4;507;1992;1920;;2011-01-01;30900
309001;BITURBO V8 4,4;540;2000;1920;;2012-01-01;30900
309002;V8 4,4L KOMPRESSOR;500;1813;1720;TOE;2005-01-01;30900
3010000;3,2L E36 BERLINE BM;265;1460;1330;;1996-01-01;301000
3010001;3,3L E46 BERLINE;280;1495;1450;;1999-01-01;301000
3010002;BITURBO BREAK ALLRAD;410;1841;1670;AWD;2013-01-01;301000
3010003;BITURBO E90;360;1618;1570;TOE;2007-01-01;301000
3010004;BITURBO E91 BREAK;360;1697;1640;TOE;2009-01-01;301000
3010005;BITURBO F30;410;1677;1535;;2014-01-01;301000
3010006;GT3 E92;408;1586;1535;;2012-01-01;301000
3011000;V12 5,0L E32;350;1875;1855;;1989-01-01;301100
3011001;V12 6,0L;430;2112;2010;;1999-01-01;301100
3012000;BITURBO E34 3,4L;360;1765;1695;;1990-01-01;301200
3012001;E39 V8 4,6L;340;1734;1660;;1997-01-01;301200
4000;;340;1474;1450;BAQUETS;2010-01-01;400
4001;;400;1469;1440;CERAMIQUES (ACIER 1498KG);2017-01-01;400
4002;PLUS ROADSTER BM;360;1562;1510;;2012-01-01;400
4003;PLUS ROADSTER S-TRONIC;360;1577;1535;;2013-01-01;400
4004;PLUS S-TRONIC;360;1537;1475;BAQUETS F1;2010-01-01;400
4005;ROADSTER BM;340;1606;1510;18"";2010-01-01;400
4006;ROADSTER STRONIC;400;1570;1530;ACIER ;2017-01-01;400
4007;S-TRONIC;340;1524;1475;;2010-01-01;400
4008;SPORTEC;420;1436;1450;RECARO POLE POS - SIEGES AR SUP - RS4 BRAKE 20"";2009-01-01;400
401000;1,8;180;1285;1205;;1999-01-01;40100
401001;1,8 ROADSTER;150;1367;1340;;2004-01-01;40100
401002;1,8 ROADSTER;180;1372;1340;;2002-01-01;40100
401003;MK2 2,0 TDI QUATTRO BM;177;1412;1370;;2014-01-01;40100
401004;MK3 1,8L TFSI;180;1357;1230;;2017-01-01;40100
401005;MK3 2,0 TDI ULTRA BVM;184;1336;1265;;2015-01-01;40100
401006;MK3 2,0 TFSi QUATTRO STRONIC S-LINE;230;1415;1335;;2015-01-01;40100
401007;MK3 2,0 TFSi S-LINE BM;230;1339;1230;BM;2015-01-01;40100
401008;MK3 ROADSTER 2,0 TFSi;230;1494;1425;;2016-01-01;40100
401009;QUATTRO;225;1525;1475;;2003-01-01;40100
4010010;QUATTRO 1,8;225;1463;1395;;2003-01-01;40100
4010011;QUATTRO ROADSTER V6 3,2L BM;250;1518;1470;;2007-01-01;40100
4010012;QUATTRO ROADSTER V6 3,2L DSG;250;1566;1520;;2004-01-01;40100
4010013;QUATTRO SPORT 1,8T;240;1415;1390;BAQUETS;2005-01-01;40100
4010014;ROADSTER MK3 2,0 TDI ULTRA BVM;184;1432;1360;;2017-01-01;40100
4010015;TFSI;160;1270;1240;;2013-01-01;40100
4010016;TFSI;160;1365;1285;;2013-01-01;40100
4010017;TFSi 2,0 COUPE;200;1280;1260;;2010-01-01;40100
4010018;TFSi 2,0 ROADSTER;200;1360;1295;;2010-01-01;40100
4010019;TFSi 2,0 ROADSTER;211;1382;1295;;2011-01-01;40100
402000;Tdi V8 KTT;435;2418;2270;CERAMIQUES;2016-01-01;40200
403000;3,0 TFSi QUATTRO;354;1985;1875;;2017-01-01;40300
403001;V6 TT 3,0D;313;1920;1856;;2015-01-01;40300
404000;SPORT QUATTRO;306;1335;1300;;1983-01-01;40400
405000;D3 V10;450;2025;1940;;2007-01-01;40500
405001;D4 V8TT;520;2071;1975;CERAMIQUES;2013-01-01;40500
405002;PLUS D4 V8 4,0L;605;2093;1990;CERAMIQUES;2017-01-01;40500
405003;V8 4,2 BVA;360;1789;1730;;2000-01-01;40500
405004;V8 4,2L;340;1816;1750;;1998-01-01;40500
406000;V8TT;420;2033;1945;CERAMIQUE TOE;2012-01-01;40600
406001;V8TT;450;1991;1955;CERAMIQUES;2014-01-01;40600
407000;C5 V8;340;1815;1760;;1999-01-01;40700
407001;C6 AVANT V10 5,2;435;2090;1970;;2010-01-01;40700
407002;C6 BERLINE V10 5,2;435;1992;1910;;2006-01-01;40700
407003;C7 BERLINE V8TT;450;1952;1895;CERAMIQUES;2016-01-01;40700
407004;C7 V8TT;420;2003;1970;;2012-01-01;40700
407005;PLUS BERLINE V8 4,2L;326;1707;1695;;1996-01-01;40700
408000;CABRIOLET 3,0 TFSi DSG;330;1933;1875;18"";2010-01-01;40800
408001;COUPE V8;354;1722;1640;35kg BA;2009-01-01;40800
408002;COUPE V8;354;1740;1675;;2009-01-01;40800
408003;II CABRIOLET V6T BA;354;1914;1840;18"";2017-01-01;40800
408004;II COUPE V6T BA;354;1708;1615;;2017-01-01;40800
408005;II SPORTBACK COUPE V6T BA;354;1750;1660;18"";2017-01-01;40800
408006;SPORTBACK 3,0 TFSi STRONIC;333;1807;1755;STRONIC 18"";2011-01-01;40800
408007;SPORTBACK 3,0 TFSi STRONIC;333;1832;1755;STRONIC TOE 20"";2011-01-01;40800
409000;100 BERLINE V8 4,2L;280;1714;1680;;1993-01-01;40900
409001;B5 V6TT;265;1591;1510;;1998-01-01;40900
409002;B6 V8 4,2 BVM AVANT;344;1791;1720;TOE;2004-01-01;40900
409003;B6 V8 4,2 BVM BERLINE;344;1730;1660;;2003-01-01;40900
409004;B7 AVANT V8 4,2L;344;1766;1720;;2007-01-01;40900
409005;B8 PHASE2 TFSI V6K BERLINE S-TRONIC;333;1792;1705;18"";2013-01-01;40900
409006;B8 TFSI V6K AVANT S-TRONIC;333;1870;1750;;2009-01-01;40900
409007;B8 TFSI V6K BERLINE;333;1770;1650;;2010-01-01;40900
409008;B9 AVANT 3,0 V6 TFSi STRONIC;354;1788;1675;18"";2017-01-01;40900
409009;CABRIOLET B6 V8;344;1900;1855;;2004-01-01;40900
4010000;2,0 TFSi;300;1470;1375;18"";2013-01-01;401000
4010001;2,0 TFSi STRONIC;300;1485;1395;STRONIC 18"";2014-01-01;401000
4010002;2,0 TFSi STRONIC;310;1502;1430;;2017-01-01;401000
4010003;8L;210;1455;1420;;1999-01-01;401000
4010004;8L;225;1467;1420;SANS TOE;2002-01-01;401000
4010005;8P;265;1528;1455;;2009-01-01;401000
4010006;BERLINE BVM;300;1519;1430;18"";2014-01-01;401000
4010007;BERLINE S TRONIC;310;1551;1450;;2016-01-01;401000
4010008;CABRIOLET 2,0 TFSi S TRONIC;300;1675;1545;;2014-01-01;401000
4010009;SPORTBACK 2,0 TFSi STRONIC;310;1538;1465;;2017-01-01;401000
40100010;SPORTBACK BM;265;1546;1495;BAQUETS F1;2009-01-01;401000
40100011;SPORTBACK BM;300;1507;1425;;2013-01-01;401000
40100012;SPORTEC RS400 2,0 TFSi STRONIC;400;1490;1395;19"";2014-01-01;401000
4011000;COUPE 5CYL 2,2L;220;1474;1420;;1990-01-01;401100
4011001;COUPE 5CYL 2,2L;230;1496;1420;;1992-01-01;401100
4012000;QUATTRO 3 PORTES BVM;231;1363;1315;;2014-01-01;401200
4012001;SPORTBACK QUATTRO BVM;231;1381;1340;;2015-01-01;401200
4013000;5CYL 2,5;310;1716;1655;;2014-01-01;401300
4013001;PERFORMANCE 5CYL 2,5;367;1712;1655;;2016-01-01;401300
4014000;;560;2052;1995;21"";2014-01-01;401400
4014001;SPORTBACH PERFORMANCE;605;2030;1930;;2016-01-01;401400
4015000;V8TT;450;1912;1840;;2003-01-01;401500
4015001;V8TT;450;1977;1865;TOE;2003-01-01;401500
4015002;AVANT V10TT;580;2090;2025;CERAMIQUES ;2010-01-01;401500
4015003;AVANT V10TT;580;2114;2025;ACIER 19;2010-01-01;401500
4015004;R MTM V10TT;702;2113;2025;21"" DISQUES 405MM;2011-01-01;401500
4015005;V10TT BERLINE;0;2058;1985;CERAMIQUES PAS TOE;2011-01-01;401500
4015006;AVANT V8TT;560;1935;1920;;2013-01-01;401500
4015007;PERFORMANCE;605;2027;1950;21"" CERAMIQUES;2017-01-01;401500
4015008;PLUS V8TT;480;1991;1865;;2004-01-01;401500
4016000;MK1;450;1780;1725;CERAMIQUE 20"" - BAQUETS F1;2011-01-01;401600
4016001;MK2;450;1777;1725;CERAMIQUE 20"" (1803KG ACIER-SIEGES NORMAUX);2013-01-01;401600
4016002;MK2 CABRIOLET;450;1981;1920;19"" CERAMIQUES;2015-01-01;401600
4016003;MK2 CABRIOLET;450;2024;1920;20"";2015-01-01;401600
4016004;V6 BITURBO;450;1751;1655;CERAMIQUES - TOIT CARBONE;2017-01-01;401600
4017000;AVANT;380;1677;1620;;2001-01-01;401700
4017001;AVANT;420;1771;1710;CERAMIQUE Recaro F1 - PAS TOE - 19"";2007-01-01;401700
4017002;AVANT;420;1790;1710;CERAMIQUE Recaro F1 - TOE - 19"";2007-01-01;401700
4017003;AVANT;420;1816;1710;ACIER JA 18"" Recaro F1;2007-01-01;401700
4017004;CABRIOLET;420;1883;1845;CERAMIQUES - SIEGES CONFORT(+14kg BAQUETS.F1);2007-01-01;401700
4017005;berline;420;1728;1650;CERAMIQUES - Recaro F1 (-14kg R/confort);2006-01-01;401700
4017006;AVANT;450;1867;1795;CERAMIQUE - BAQUETS F1;2013-01-01;401700
4017007;AVANT V6TT;450;1808;1715;CERAMIQUE;2019-01-01;401700
4018000;BERLINE S-TRONIC;400;1540;1515;CERAMIQUES (ACIER 1576kg);2017-01-01;401800
4018001;S-TRONIC;340;1627;1575;;2012-01-01;401800
4018002;S-TRONIC;367;1629;1520;TOIT PANORAMIQUE - ACIER;2016-01-01;401800
4018003;S-TRONIC;367;1605;1520;ACIER;2016-01-01;401800
4018004;S-TRONIC;400;1559;1494;CERAMIQUES (1582KG ACIER);2017-01-01;401800
4019000;AVANT;315;1630;1595;;1994-01-01;401900
4020000;GT V10 R-TRONIC;560;1573;1525;CERAMIQUE - BAQUETS - HARNAIS;0001-01-01;402000
4020001;GT V10 SPYDER R-TRONIC;560;1698;1640;;0001-01-01;402000
4020002;II RWS STRONIC;540;1633;1590;CERAMIQUE - PROPULSION;2018-01-01;402000
4020003;II V10 PLUS SPYDER;610;1755;1720;CERAMIQUE;2017-01-01;402000
4020004;II V10 PLUS STRONIC;610;1657;1555;CERAMIQUE;2015-01-01;402000
4020005;II V10 SPYDER;540;1774;1720;CERAMIQUE;2017-01-01;402000
4020006;II V10 STRONIC;540;1669;1640;CERAMIQUE;2016-01-01;402000
4020007;V10 BM;525;1647;1620;CERAMIQUES - BAQUETS F1;2009-01-01;402000
4020008;V10 LMX S-TRONIC;570;1674;1595;CERAMIQUES - BAQUETS F1;2014-01-01;402000
4020009;V10 PLUS S-TRONIC;550;1665;1595;CERAMIQUES - BAQUETS F1;2015-01-01;402000
40200010;V10 R TRONIC;525;1686;1620;CERAMIQUES - SIEGES CONFORT;2009-01-01;402000
40200011;V10 SPYDER BM;525;1758;1720;CERAMIQUE - BAQUETS F1;2010-01-01;402000
40200012;V10 SPYDER R-TRONIC;525;1788;1720;CERAMIQUE -BAQUETS F1;2010-01-01;402000
40200013;V8 BM;420;1595;1560;CERAMIQUES - BAQUETS F1;2007-01-01;402000
40200014;V8 BM;420;1620;1560;ACIER - SIEGES CONFORT;2007-01-01;402000
40200015;V8 R-TRONIC;420;1637;1565;freins acier;2008-01-01;402000
40200016;V8 S-STRONIC;430;1666;1585;freins acier;2014-01-01;402000
4021000;TURBO;200;1325;1290;;1984-01-01;402100
4022000;50 TDI QUATTRO;286;2301;2145;;2018-01-01;402200
4023000;3,0 TDI E-TRON S-LINE;373;2661;2445;;2018-01-01;402300
4023001;V12 6,0 TDI;500;2706;2605;;2010-01-01;402300
4023002;V8 4,2 FSI;350;2445;2390;;2009-01-01;402300
4023003;V8 4,2 TDI;326;2511;2420;;2008-01-01;402300
4023004;V8 4,2 TDI 340 AMB LUXE;0;2617;2515;;2011-01-01;402300
4024000;2,8 V6;174;1448;0;;1997-01-01;402400
4025000;3,0 TDI;258;2030;1840;;2014-01-01;402500
4025001;3,3 TDI V8;225;1912;1860;;2002-01-01;402500
4025002;4,2 TDI LIMOUSINE;385;2242;2095;;2016-01-01;402500
4025003;50 Tdi QUATTRO V6 3,0T;286;2034;1900;;2018-01-01;402500
4025004;L W12;450;2068;1995;;2004-01-01;402500
4025005;V8 4,2L Tdi;385;2170;1995;;2016-01-01;402500
4025006;V8 4,2L V8;300;1830;1750;;1992-01-01;402500
4025007;W12 6,0L;420;2059;1980;;2002-01-01;402500
4026000;SPORTBACK 55 TFSI QUATTRO;340;1963;1890;;2018-01-01;402600
4026001;SPORTBACK V6 Tdi 3,0L SLINE QUATTRO STRONIC;272;1995;1905;;2014-01-01;402600
4027000;4,2L V8 QUATTRO;300;1830;1730;;1999-01-01;402700
4027001;50 TDI QUATTRO;286;2035;1825;20"";2018-01-01;402700
4027002;ALLROAD V6 2,7T;250;1884;1835;BA;2002-01-01;402700
4027003;C7 3,0 Tdi QUATTRO COMPETITION BERLINE;326;1986;1875;;2016-01-01;402700
4027004;V6 Tdi 3,0L SLINE QUATTRO STRONIC;272;1922;1770;;2017-01-01;402700
4028000;II 2,0 TFSi QUATTRO STRONIC;252;1599;1500;;2016-01-01;402800
4028001;II CABRIOLET 2,0 TFSi QUATTRO STRONIC;252;1784;1710;;2016-01-01;402800
4029000;ALLROAD 3,0 Tdi QUATTRO STRONIC;218;1830;1690;;2017-01-01;402900
4029001;AVANT 3,0 TDI QUATTRO;240;1790;1735;;2010-01-01;402900
4029002;1,8T;150;1275;1235;;1996-01-01;402900
4029003;2,8 PACK PLUS;193;1363;1285;;1998-01-01;402900
4030000;1,8T;150;1213;1145;;2002-01-01;403000
4030001;2,0 TFSi SPORTBACK;200;1485;1410;;2010-01-01;403000
4030002;2,0L TFSI SPORTBACK S-LINE;190;1432;1315;;2018-01-01;403000
4030003;E-TRON SPORTBACK 1,4 TFSi;204;1616;1530;;2014-01-01;403000
4031000;1,4 TFSI SLINE BA;185;1235;1190;;2014-01-01;403100
4031001;QUATTRO LIMITED ED. 2,0 TFSI 3P;256;1434;1390;;2012-01-01;403100
4031002;SPORTBACK 1,4 TFSI SLINE BVM;122;1220;1125;;2014-01-01;403100
4031003;SPORTBACK 1,4 TFSi ATTRACTION STRONIC;125;1190;1140;;2015-01-01;403100
4032000;20V 5CYL 2,3L;170;1235;1200;;1989-01-01;403200
4032001;5CYL 2,2L;136;1100;1060;TRACTION;1984-01-01;403200
4032002;QUATTRO 5CYL 2,2L;136;1250;1200;;1984-01-01;403200
4033000;COUPE V6 2,6E;150;1346;1325;;1993-01-01;403300
4033001;QUATTRO 2,0 16V;137;1265;1270;;1990-01-01;403300
4033002;QUATTRO 5CYL 2,2;136;1202;1190;;1983-01-01;403300
4034000;TURBO;182;1326;1300;;1983-01-01;403400
4034001;TURBO QUATTRO 2,1L;182;1465;1450;;1985-01-01;403400
6000;VTS 2,0i;167;1214;1190;;2004-01-01;600
601000;;2;841;850;;1982-01-01;60100
601001;GT;80;822;815;;1983-01-01;60100
601002;GTI 1,6L;105;885;830;;1985-01-01;60100
602000;V6 3,0 ACTIVA;194;1483;1451;;1998-01-01;60200
602001;V6 3,0;170;1494;1420;;1991-01-01;60200
603000;1,6 16V VTS;120;978;980;;2002-01-01;60300
603001;1,6 VTS;90;961;905;;1998-01-01;60300
604000;GTI;138;1370;1375;;1980-01-01;60400
604001;GTI TURBO 2;168;1392;1385;;1988-01-01;60400
605000;V6 2,7L HDI BVA;208;1940;1871;;2006-01-01;60500
605001;V6 3,0L BVA;215;1862;1816;;2006-01-01;60500
606000;MK1 3,0 V6 EXCLUSIVE;210;1558;1480;;2002-01-01;60600
606001;MK1 PH2 2,2 Hdi;173;1595;1501;;2006-01-01;60600
606002;MK1 PH2 3,0 V6;210;1592;1514;;2005-01-01;60600
606003;MK1 PH2 3,0 V6;210;1657;1544;;2006-01-01;60600
606004;MK2 2,2 HDI EXCL+;204;1768;1665;;2014-01-01;60600
606005;MK2 2,2 Hdi TOURER;173;1765;1690;;2008-01-01;60600
606006;MK2 CROSSTOURER 2,2 HDI;204;1818;1767;;2014-01-01;60600
606007;MK2 V6 3,0 HDI TOURER;240;1870;1763;;2010-01-01;60600
606008;MK2 V6 Hdi BERLINE BVA;204;1849;1766;;2008-01-01;60600
607000;COUPE VTS;180;1360;1278;;2005-01-01;60700
607001;MK2 THP 155 EXCLUSIVE;156;1360;1275;;2014-01-01;60700
608000;VTS 1,6 16V;125;1091;1045;;2010-01-01;60800
609000;19 Gti;125;1035;1025;;1988-01-01;60900
609001;4TC 2,2L;200;1400;1280;;1985-01-01;60900
609002;GTI 16 1,9;160;1079;1070;;1988-01-01;60900
609003;SPORT;126;1023;1010;;1985-01-01;60900
6010000;SPORT;95;733;715;;1987-01-01;601000
7000;1,6 THP;200;1580;1355;;2014-01-01;700
7001;2,0 BLUE HDI 180 BVA SPORT CHIC;0;1686;1540;;2014-01-01;700
7002;HYBRIDE4 2,0 HDI;200;1835;1660;;2014-01-01;700
701000;CROSSBACK 2,0 BlueHDi EAT6;180;1508;1420;;2015-01-01;70100
701001;MK2 THP 1,6;210;1412;1313;;2016-01-01;70100
701002;THP 210 SPORT CHIC;210;1408;1313;;2015-01-01;70100
702000;1,6 THP SPORT CHIC;165;1200;1140;;2018-01-01;70200
702001;1,6 VTI;120;1169;1000;;2011-01-01;70200
702002;CAB THP 155;0;1230;1120;;2013-01-01;70200
702003;CABRIO RACING;207;1216;1115;;2014-01-01;70200
702004;MK2 RACING;202;1200;1090;;2015-01-01;70200
702005;PERFORMANCE;208;1205;1175;;2016-01-01;70200
702006;RACING;202;1202;1090;;2011-01-01;70200
702007;THP;150;1181;1090;;2011-01-01;70200
702008;THP 155 SPORT CHIC;0;1173;1090;;2014-01-01;70200
8000;1,6L;95;998;934;;2004-01-01;800
801000;2,2 TDCI;200;1859;1733;;2014-01-01;80100
801001;2,5T;220;1767;1681;;2006-01-01;80100
802000;COSWORTH 4 PORTES;204;1252;1245;;1988-01-01;80200
802001;COSWORTH 4x4;220;1328;1300;;1990-01-01;80200
802002;RS COSWORTH;204;1223;1240;PROPULSION;1986-01-01;80200
802003;XR4i;150;1229;1205;;1984-01-01;80200
803000;1,4 16V;90;1049;1034;;1999-01-01;80300
803001;1,7;125;1058;1039;;2001-01-01;80300
804000;2,0 16V;115;1253;1220;;1997-01-01;80400
804001;2,5 24V;170;1307;1280;;1997-01-01;80400
805000;2,3L ECOBOOST;314;1666;1600;;2015-01-01;80500
805001;2,3L ECOBOOST;290;1676;1662;19"";2018-01-01;80500
805002;BOSS 302 LAGUNA SECA V8 5,0L;450;1652;1653;;2012-01-01;80500
805003;BULLITT V8;460;1759;1743;;2018-01-01;80500
805004;CABRIOLET 2,3L ECOBOOST;290;1760;1728;;2018-01-01;80500
805005;CABRIOLET V8;450;1843;1818;;2018-01-01;80500
805006;COUPE V8 4,7L 289Ci;225;1318;1165;;1965-01-01;80500
805007;GT 4,6 V8 BVA;300;1605;1582;;2004-01-01;80500
805008;GT 5,0L;421;1729;1720;;2015-01-01;80500
805009;GT 5,0L;421;1744;1732;;2015-01-01;80500
8050010;GT CABRIOLET 4,6 V8 BVM;300;1671;1641;;2005-01-01;80500
8050011;GT V8 5,0;418;1664;1660;;2010-01-01;80500
8050012;SHELBY GT350 5,2L;533;1718;1705;;2017-01-01;80500
8050013;SHELBY GT500;507;1807;1778;;2008-01-01;80500
8050014;SHELBY GT500;547;1789;1782;;2011-01-01;80500
8050015;SHELBY GT500;671;1773;1747;;2013-01-01;80500
806000;MK1 ST200 V6;205;1375;1340;;1999-01-01;80600
806001;MK1 V6 2,5;170;1436;1385;;1998-01-01;80600
806002;MK2 ST220;226;1486;1431;;2005-01-01;80600
806003;MK2 ST220 CLIPPER;226;1610;1464;;2005-01-01;80600
806004;MK2 V6 3,0;204;1506;1493;;2006-01-01;80600
806005;MK3 2,2 TDCi CLIPPER;173;1740;1619;;2008-01-01;80600
806006;MK4 2,0 TDCi POWERSHIFT;210;1770;1599;;2015-01-01;80600
807000;;550;1593;1538;V8 5,4L;2005-01-01;80700
808000;2,8i GHIA 4x4;174;1886;1710;;1997-01-01;80800
809000;1 RS;215;1292;1278;;2003-01-01;80900
809001;1 ST170 2,0;173;1234;1208;;2004-01-01;80900
809002;2 RS;305;1473;1392;SANS PACK;2009-01-01;80900
809003;2 RS;305;1484;1392;PACK RS+ PACK TECHNO;2009-01-01;80900
809004;2 RS RAEDER;363;1441;1392;RECARO CARBONE-SUPP SIEGES AR-265/35/18-BREMBO;2010-01-01;80900
809005;2 RS500;350;1480;1392;;2011-01-01;80900
809006;2 ST 225 PH1 3PORTES;0;1439;1392;;2006-01-01;80900
809007;2 ST 225 PH2 3PORTES;0;1446;1392;;2008-01-01;80900
809008;3 MK2 ST;250;1467;1362;;2015-01-01;80900
809009;3 MK2 ST 2,0TDCi;185;1506;1463;;2015-01-01;80900
8090010;3 RS;350;1563;1524;JANTES FORGEES - BAQUETS RECARO;2016-01-01;80900
8090011;3 RS;350;1569;1524;PACK PERFORMANCE - JANTES FORGEES - BAQUETS RECARO;2018-01-01;80900
8090012;3 ST;250;1456;1362;;2013-01-01;80900
8090013;3 ST BREAK;250;1521;1386;;2014-01-01;80900
8010000;1,0 ECOBOOST;100;1163;1112;;2014-01-01;801000
8010001;1,0 ECOBOOST ST-LINE 3 PORTES;140;1166;1101;;2018-01-01;801000
8010002;1,0L T;140;1147;1091;;2015-01-01;801000
8010003;1,6 S;103;994;975;;2001-01-01;801000
8010004;1,6 Ti-VCT;134;1114;1045;;2013-01-01;801000
8010005;RS TURBO;133;940;920;;1991-01-01;801000
8010006;ST 1,5L3PORTES;200;1200;1187;;2018-01-01;801000
8010007;ST 1,5T PACK PERF 5 PORTES;200;1221;1208;DIFFERENTIEL AUTOBLOQUANT;2018-01-01;801000
8010008;ST 1,6L;182;1193;1163;;2013-01-01;801000
8010009;ST 2,0;150;1162;1137;;2007-01-01;801000
80100010;ST200 1,6L 3PORTES;200;1196;1163;;2016-01-01;801000
80100011;XR2i;110;924;890;;1989-01-01;801000
80100012;XR2i 1,6L;84;828;800;;1982-01-01;801000
80100013;XR2i 1,6L;96;857;840;;1984-01-01;801000
8011000;3 RS TURBO;132;985;940;PHASE1;1985-01-01;801100
8011001;3 RS TURBO;132;1000;965;PHASE2;1986-01-01;801100
8011002;3 RS1600i;115;928;905;;1983-01-01;801100
8011003;3 XR3i;96;915;895;;1982-01-01;801100
8011004;3 XR3i;105;935;920;;1983-01-01;801100
8011005;RS COSWORTH;220;1320;1250;GROS AILERON GROS TURBO - SANS CLIM - 1275KG PACK LUXE;1993-01-01;801100
8011006;RS COSWORTH;227;1390;1320;PETIT TURBO PETIT AILERON - CLIM;1995-01-01;801100
8012000;2,0 TDCi POWERSHIFT AWD ST-LINE;210;2013;1875;;2018-01-01;801200
8013000;2,0 16V;130;1356;1315;;1999-01-01;801300
8013001;2,5 V6;170;1425;1390;;2000-01-01;801300
8014000;2600RS;150;1072;1060;;1972-01-01;801400
9000;;280;1244;1230;;1993-01-01;900
901000;3,0;274;1360;1370;;1997-01-01;90100
901001;3,0 TARGA BVM;274;1409;1425;;1996-01-01;90100
901002;3,2;280;1376;1375;;2001-01-01;90100
901003;HYBRIDE V6 3,5L;580;1762;1725;;2016-01-01;90100
902000;V6 3,5;205;1746;1675;;1999-01-01;90200
902001;V6 3,5 4WD;295;1850;1789;;2006-01-01;90200
903000;TYPE R;190;1132;1125;;1999-01-01;90300
904000;1,6;125;883;895;;1986-01-01;90400
904001;ESi 1,6;125;1052;1050;;1993-01-01;90400
904002;Vti 1,6;160;1134;1110;;1993-01-01;90400
904003;1,6;150;1016;1010;;1991-01-01;90400
904004;VTEC DEL SOL;125;1076;1050;;1996-01-01;90400
905000;CR-Z 1,5;124;1180;1147;;2013-01-01;90500
906000;1,5i-VTEC;182;1347;1282;;2017-01-01;90600
906001;1,6 16S ED7;130;931;915;;1988-01-01;90600
906002;TYPE R 2,0T;310;1398;1382;;2015-01-01;90600
906003;TYPE R CHAMPIONSHIP;201;1356;1267;;2009-01-01;90600
906004;TYPE R EP3;200;1213;1195;;2001-01-01;90600
906005;TYPE R FK8 2,0T;320;1392;1380;;2017-01-01;90600
906006;TYPE R FN2;201;1340;1267;;2007-01-01;90600
906007;TYPE R GT 2,0T;310;1408;1382;;2015-01-01;90600
906008;TYPE S 1,8 GT FK2;140;1222;1196;;2007-01-01;90600
906009;VTI EK4 1,6 16S;160;1124;1090;;2000-01-01;90600
9060010;Vti EG6 3P;160;1137;1090;;1996-01-01;90600
9060011;Vti MB6 5P 1,8L;169;1239;1170;;1998-01-01;90600
907000;2,4 EXCECUTIVE BVA5;190;1467;1451;;2007-01-01;90700
907001;2,4 TOURER BVA5;190;1606;1560;;2007-01-01;90700
907002;2,4i TYPE S BM;190;1431;1410;;2003-01-01;90700
907003;COUPE 3,0 V6 BVA;200;1471;1465;;1999-01-01;90700
907004;TYPE R;212;1344;1334;;1999-01-01;90700
908000;;240;1288;1280;;2000-01-01;90800
10000;1,6T GDI;186;1336;1284;;2013-01-01;1000
1001000;GT 1,5L 12S;116;1029;1015;;1993-01-01;100100
1002000;V6 3,8A;347;1566;1522;;2012-01-01;100200
1003000;2,0L BVM5;138;1214;1175;;1999-01-01;100300
1003001;2,0L PACK LUXE;143;1354;1342;;2008-01-01;100300
1003002;2,7L V6 BVM6;167;1384;1355;;2003-01-01;100300
11000;GT 1,6 T GDI;204;1397;1359;;2014-01-01;1100
12000;400 V6K;406;1445;1415;;2015-01-01;1200
12001;LUNCH EDITION;280;1409;1380;;2010-01-01;1200
12002;S;350;1440;1437;;2012-01-01;1200
12003;V6 3,5;280;1390;1380;;2011-01-01;1200
1201000;S;200;999;995;;2007-01-01;120100
1201001;SE;225;1010;995;;2009-01-01;120100
1202000;GT3 2,0T;240;1240;1229;;1998-01-01;120200
1202001;S1 2,0;160;953;914;;1977-01-01;120200
1202002;S2 2,0;162;1022;899;;1978-01-01;120200
1202003;S4S;286;1355;1340;;1996-01-01;120200
1202004;SPORT 300 2,2T;306;1270;1215;;1994-01-01;120200
1202005;SPORT 350 V8 3,5L;350;1324;1300;;1999-01-01;120200
1202006;TURBO;215;1285;1220;;1987-01-01;120200
1202007;TURBO SE;264;1360;1330;;1990-01-01;120200
1202008;TURBO SE COLIN CHAPMAN EDITION;264;1298;1305;10EX - OZ FORGEES;1992-01-01;120200
1202009;V8 3,5;350;1402;1380;;2002-01-01;120200
1203000;111 MK1 1,8 16V;120;756;680;;2000-01-01;120300
1203001;111 MK1 1,8L 16S;118;737;675;;1997-01-01;120300
1203002;111 MK1 1,8L 16S;122;783;675;;2001-01-01;120300
1203003;111S MK1 1,8 16V VVC;145;773;730;JANTES TRACK;1999-01-01;120300
1203004;CLUB RACER;136;877;852;;2010-01-01;120300
1203005;MK2;122;786;756;;2002-01-01;120300
1203006;MK2 111R;192;875;860;;2005-01-01;120300
1203007;MK2 SC;220;924;903;;2008-01-01;120300
1203008;MK3;136;906;876;;2010-01-01;120300
1203009;MK3 CUP 250;246;918;921;TOIT SOUPLE -LITHIUM - BAQUET + PACK CARBONE AERO (-10kg);2016-01-01;120300
12030010;S MK3;220;929;924;;2013-01-01;120300
12030011;S MK3 CUP RACER ""LIGHT"";220;931;905;VENDUE 19KG PLUS LIGHT - OPTIONS: CLIM,RADIO - toit souple;2014-01-01;120300
12030012;SPORT;190;710;670;;1998-01-01;120300
1204000;+2;118;889;870;;1968-01-01;120400
1204001;S2 1,6T;155;1087;1020;;1995-01-01;120400
1204002;SE 1,6T 16V;165;1070;1020;;1990-01-01;120400
1205000;2,0L;162;1150;1030;;1977-01-01;120500
13000;;192;1358;1345;;2007-01-01;1300
13001;;231;1382;1350;;2007-01-01;1300
13002; MK2;231;1391;1350;AERO KIT - 19"";2010-01-01;1300
1301000;;241;1311;1300;;1992-01-01;130100
1301001;II TURBO;200;1350;1300;;1990-01-01;130100
1302000;2,0i 16V;115;1171;1110;;1992-01-01;130200
1302001;V6 2,5 24S;165;1225;1195;;1991-01-01;130200
1302002;V6 2,5 24S 4WS;165;1271;1215;;1993-01-01;130200
1303000;1,6 MK1;115;975;955;;1989-01-01;130300
1303001;1,6 MK1;90;1004;965;;1998-01-01;130300
1303002;1,6 MK2 FL;110;1033;1015;;1999-01-01;130300
1303003;1,8 MK2 FL;140;1063;1025;;1999-01-01;130300
1303004;1,8 MK2 FL;145;1127;1065;;2003-01-01;130300
1303005;1,8 MK3 ELEGANCE;126;1104;1075;;2007-01-01;130300
1303006;2,0;160;1172;1165;;2007-01-01;130300
1303007;2,0;160;1153;1095;;2014-01-01;130300
1303008;2,0 PERFORMANCE;160;1110;1080;BOITE 5;2006-01-01;130300
1303009;2,0 PERFORMANCE;160;1136;1095;BOITE 6;2007-01-01;130300
13030010;IV 1,5 SKYACTIV;131;1020;975;;2015-01-01;130300
13030011;IV 2,0 SKYACTIV;160;1067;1015;;2015-01-01;130300
13030012;IV 2,0 SKYACTIV;184;1075;1030;RECARO;2018-01-01;130300
13030013;IV RF 2,0 SKYACTIV;160;1119;1055;TARGA;2015-01-01;130300
13030014;IV RF 2,0 SKYACTIV;160;1139;1080;TARGA - BOITE AUTO;2015-01-01;130300
1304000;1600;107;1069;0;;1998-01-01;130400
1304001;V6 1,8L;133;1160;1125;;1993-01-01;130400
1305000;2,3 MZR;260;1785;1683;;2007-01-01;130500
1306000;MPS;260;1606;1590;;2006-01-01;130600
1306001;PERFORMANCE 2,3;166;1391;1340;;2003-01-01;130600
1307000;GT-R 1,8;185;1230;1210;;1993-01-01;130700
1307001;GTX TURBO 4WD 1,8L;163;1207;1175;;1991-01-01;130700
1308000;MPS MK2;260;1450;1395;;2010-01-01;130800
14000;V6 3,0;193;1432;1355;;1997-01-01;1400
14001;V6 3,0 SE;200;1539;1450;;2001-01-01;1400
14002;V6 3,5;234;1850;1765;;2005-01-01;1400
1401000;1,6 DIG-T GT;190;1357;1280;;2015-01-01;140100
1402000;2,0 GT 5 PORTES BM5;150;1308;1220;;1999-01-01;140200
1402001;2,0e GT 4 PORTES;150;1227;1190;;1993-01-01;140200
1403000;V6 4,0L BVA;269;2226;2182;;2007-01-01;140300
1404000;II;150;1592;1505;;2018-01-01;140400
1405000;NISMO;200;1287;1250;;2013-01-01;140500
1405001;NISMO RS BVA 4X4;214;1450;1394;4X4;2015-01-01;140500
1406000;M;485;1741;1740;;2009-01-01;140600
1406001;M;485;1782;1740;;2010-01-01;140600
1406002;M;530;1778;1730;;2011-01-01;140600
1406003;M;550;1775;1740;;2012-01-01;140600
1406004;M;550;1786;1740;;2013-01-01;140600
1406005;M;550;1769;1740;;2014-01-01;140600
1406006;M;550;1775;1740;;2015-01-01;140600
1406007;M;570;1784;1750;;2017-01-01;140600
1406008;MY;550;1752;1660;;2012-01-01;140600
1406009;NISMO;600;1729;1675;;2014-01-01;140600
14060010;NISMO;600;1753;1725;;2018-01-01;140600
14060011;TRACK EDITION;570;1765;1745;JANTES RAYS - BAQUETS CARBONE;2017-01-01;140600
1407000;2,0 GTI;143;1196;1155;;1998-01-01;140700
1408000;COUPE BA;331;1543;1496;;2013-01-01;140800
1408001;COUPE BM;331;1530;1496;;2010-01-01;140800
1408002;NISMO;344;1560;1535;;2013-01-01;140800
1408003;ROADSTER BA;0;1607;1572;;2010-01-01;140800
1409000;;300;1529;1450;;2006-01-01;140900
1409001;;300;1640;1631;;2006-01-01;140900
1409002;;313;1637;1621;;2009-01-01;140900
1409003;PACK;280;1520;1430;;2004-01-01;140900
1409004;ROADSTER;280;1650;1600;;2004-01-01;140900
14010000;;313;1528;1463;;2008-01-01;140900
14011000;TURBO V6 3,0L;228;1550;1475;;1984-01-01;1401100
14011001;V6 3,0L TT;282;1615;1580;;1995-01-01;1401100
14012000;;200;1307;1260;;1998-01-01;1401200
14013000;200 SX;171;1236;1190;;1991-01-01;1401300
15000;;150;1335;1265;;2000-01-01;1500
15001;2,5 V6 CDX 5P BM;170;1405;1370;;1998-01-01;1500
15002;2,5 V6 CDX 5P BVA;170;1427;1370;;1998-01-01;1500
15003;GT 2,0 16V;150;1218;1215;;1993-01-01;1500
15004;GTS 3,2 V6;211;1521;1503;;2004-01-01;1500
15005;OPC V6 2,8T;255;1441;1400;;2006-01-01;1500
15006;OPC V6 2,8T;280;1556;1505;;2007-01-01;1500
15007;4x4;204;1390;1350;;1993-01-01;1500
1501000;1,4 16V;90;1013;966;;1999-01-01;150100
1501001;1,6 16V;106;1025;1000;;1999-01-01;150100
1501002;TWINTOP 1,8;125;1234;1190;;2006-01-01;150100
1502000;2,2 16V;147;876;870;;2003-01-01;150200
1502001;TURBO 2,0;200;934;930;;2004-01-01;150200
1503000;2,5 V6 CD;170;1612;1560;;1997-01-01;150300
1503001;3000 24V;204;1475;1435;;1990-01-01;150300
1503002;MV6 3,0 24V;210;1648;1575;;1999-01-01;150300
1503003;MV6 3,0 24V BREAK;210;1684;1598;;1999-01-01;150300
1504000;GSE 3,0L;180;1455;1435;;1982-01-01;150400
1505000;OPC;180;1402;1375;;2007-01-01;150500
1506000;OMEGA;377;1686;1610;;1991-01-01;150600
1507000;1800 GTE;115;987;980;;1984-01-01;150700
1507001;GSI 16V;150;1039;990;;1992-01-01;150700
1507002;GSI 16V;160;1080;990;;1990-01-01;150700
1507003;Gsi 2,0L;130;1000;970;;1986-01-01;150700
1508000;GRAND SPORT 2,0 Di T 4x4;260;1645;1574;;2017-01-01;150800
1508001;Gsi 2,0L TURBO 4x4;260;1657;1574;;2018-01-01;150800
1508002;COUNTRY TOURER 2,0 TT CDTI 4x4 BVA;195;1909;1843;;2014-01-01;150800
1508003;COUNTRY TOURER 2,0 TT CDTI 4x4 BVA;210;1789;1732;;2018-01-01;150800
1508004;OPC V6 2,8 4x4;325;1833;1750;19"";2009-01-01;150800
1508005;TOURER OPC V6 2,8 4x4;325;1913;1790;;2013-01-01;150800
1508006;TOURER OPC V6 2,8 4x4 BVA;325;1921;1803;;2009-01-01;150800
1509000;;90;927;940;;1900-01-01;150900
1509001;SPYDER 2,0 TURBO;264;1390;1336;;2009-01-01;150900
15010000;1,8 16V C;125;1012;960;;2002-01-01;1501000
15010001;GSI 1,6T D;150;1244;1195;;2008-01-01;1501000
15010002;Gsi 1,6;100;838;820;;1990-01-01;1501000
15010003;OPC 1,6T;207;1261;1203;;2015-01-01;1501000
15010004;OPC D;192;1251;1203;;2011-01-01;1501000
15010005;OPC D 1,6 PACK NUR;210;1245;1232;;2009-01-01;1501000
15010006;OPC PERFORMANCE PACK;207;1272;1203;;2016-01-01;1501000
15011000;2,0 16V;136;1253;1215;;1997-01-01;1501100
15011001;2,0 16V;150;1245;1195;;1990-01-01;1501100
15011002;2,0 16V 4x4;150;1335;1330;;1990-01-01;1501100
15011003;2,0i GT;115;1212;1205;;1993-01-01;1501100
15011004;2,5 V6;170;1344;1270;;1997-01-01;1501100
15011005;TURBO 4x4;204;1370;1350;1380KG AVEC TOIT OUVRANT ELECTRIQUE;1993-01-01;1501100
15012000;2,0 16V MK1 CDX;136;1247;1180;;1997-01-01;1501200
15012001;2,0 16V MK2 SPORT 3P;136;1235;1140;;2001-01-01;1501200
15012002;2,2 16V MK2;147;1270;1155;;2001-01-01;1501200
15012003;3 OPC 2,0;240;1365;1318;;2009-01-01;1501200
15012004;4 OPC;280;1553;1475;;2012-01-01;1501200
15012005;5 1,6 Di TURBO BVM;200;1326;1275;;2016-01-01;1501200
15012006;CABRIOLET 2,0 TURBO;192;1435;1415;;2003-01-01;1501200
15012007;COUPE 2,0 TURBO;200;1300;1290;;2003-01-01;1501200
15012008;COUPE 2,2 16V;147;1266;1223;;2003-01-01;1501200
15012009;GSI 16V MK1;150;1130;1100;;1995-01-01;1501200
150120010;GTC 2,0 TURBO 5 PORTES;170;1376;1365;;2005-01-01;1501200
150120011;OPC 2,0L 16V;160;1258;1210;;1999-01-01;1501200
150120012;OPC MK2;200;1313;1250;;2004-01-01;1501200
16000;HDI;160;1390;1370;;2012-01-01;1600
16001;THP155 BM;0;1315;1275;;2014-01-01;1600
16002;THP156 BA;0;1350;1297;;2013-01-01;1600
16003;THP200;0;1360;1298;;2012-01-01;1600
1601000;V6 2,7 Hdi BA;204;1751;1723;;2005-01-01;160100
1601001;V6 3,0 PACK BM;211;1561;1560;;2002-01-01;160100
1601002;V6 3,0 PACK BVA;211;1597;1580;;2002-01-01;160100
1602000;SV 24 V6 3,0L;200;1508;1480;;1990-01-01;160200
1602001;SV 3,0 BM;170;1455;1415;;1991-01-01;160200
1603000;SL V6;136;1445;1390;;1977-01-01;160300
1604000;2,0 HDI;180;1696;1540;;2014-01-01;160400
1604001;HYBRID 4;180;1803;1660;;2014-01-01;160400
1604002;PURETECH GT 1,6L;225;1535;1420;TOIT PANO - 18"";2018-01-01;160400
1604003;RXH;180;1890;1770;;2014-01-01;160400
1604004;SW 2,2 HDI GT BVA;204;1755;1660;;2014-01-01;160400
1605000;GTI 2,2L;130;1253;1235;;1984-01-01;160500
1605001;TURBO INJECTION;150;1305;1330;;1983-01-01;160500
1605002;TURBO INJECTION;160;1320;1330;;1984-01-01;160500
1605003;TURBO INJECTION;180;1348;1355;PHASE 2 ;1987-01-01;160500
1606000;COUPE V6 Ti;144;1291;1295;;1981-01-01;160600
1607000;II 1,6 THP GT LINE;165;1609;1530;;2018-01-01;160700
1608000;BERLINE V6 3,0 BA;211;1639;1585;;2004-01-01;160800
1608001;COUPE V6;211;1642;1610;;2007-01-01;160800
1608002;COUPE V6 2,7 Hdi BA;204;1780;1724;;2005-01-01;160800
1609000;2,0 TURBO SV;150;1437;1320;;1999-01-01;160900
1609001;COUPE V6 BA MK2;210;1496;1510;;2003-01-01;160900
1609002;COUPE V6 BM MK2;210;1485;1485;;2003-01-01;160900
1609003;COUPE V6 BM;194;1518;1464;;1998-01-01;160900
1609004;COUPE V6e BA;194;1525;1485;;1998-01-01;160900
1609005;SV 3,0;194;1501;1435;;1998-01-01;160900
1609006;SV 3,0 ST PACK CONFORT;210;1466;1455;;2002-01-01;160900
16010000;Mi16 2,0L;160;1124;1110;14"" - 1 seul retro ext;1987-01-01;1601000
16010001;Mi16 2,0L;150;1231;1180;PHASE 2 CATALYSEE;1993-01-01;1601000
16010002;Mi16 4x4;160;1265;1240;;1990-01-01;1601000
16010003;T16 4x4;200;1422;1340;220CH AVEC OVERBOOST;1993-01-01;1601000
16011000;GTI TURBO;165;955;930;KIT COMPETITION 0,45B;1989-01-01;1601100
16011001;GTI16;160;1000;975;;1991-01-01;1601100
16011002;Gti 1,9;130;965;930;PHASE 1;1988-01-01;1601100
16012000;2 THP155 FELINE;0;1317;1165;;2014-01-01;1601200
16012001;GTI;200;1410;1399;;2012-01-01;1601200
16012002;MK2 1,6 THP GT;205;1330;1200;;2015-01-01;1601200
16012003;MK2 1,6 THP GT SW;205;1418;1315;;2015-01-01;1601200
16012004;MK2 2,0 BLUEHDi GT BVA;180;1493;1320;;2015-01-01;1601200
16012005;MK2 2,0 BLUEHDi GT SW BVA;180;1559;1425;;2015-01-01;1601200
16012006;MK2 GTI 1,6L;270;1320;1205;;2015-01-01;1601200
16012007;MK2 PH2 2,0 BLUEHDi GT EAT8;180;1469;1320;;2018-01-01;1601200
16012008;MK2 PH2 GT 1,6 THP;225;1338;1204;;2018-01-01;1601200
16012009;MK2 phase2 GTI 1,6L;270;1310;1205;;2018-01-01;1601200
160120010;THP175;0;1405;1371;;2012-01-01;1601200
16014000;CABRIOLET 2,0;123;1259;1260;;1994-01-01;1601400
16014001;S16;0;1206;1160;167 MK1;1996-01-01;1601400
16014002;S16;0;1159;1160;167 MK2 CONFORT VERSION LIGHT SS CLIM;1999-01-01;1601400
16014003;S16;0;1203;1172;167 MK2 PREMIUM;1999-01-01;1601400
16014004;Xsi;135;1187;1140;;1999-01-01;1601400
16015000;HYBRIDE4 2,0 HDI;200;1780;1660;4x4;0001-01-01;1601500
16015001;II 1,6 THP GT LINE;165;1527;1300;;2018-01-01;1601500
16016000;GTI;200;1215;1160;;2013-01-01;1601600
16016001;GTi 30TH;208;1201;1185;;2015-01-01;1601600
16016002;GTi By PEUGEOT SPORT;208;1178;1185;;2015-01-01;1601600
16016003;THP155 XY 3 PORTES;0;1217;1090;;2013-01-01;1601600
16016004;THP165 GT LINE BM;0;1212;1150;;2018-01-01;1601600
16017000;CC 1,6T THP;150;1418;1418;;2007-01-01;1601700
16017001;RC 1,6;175;1260;1250;;2010-01-01;1601700
16017002;THP 3P;150;1281;1180;TOIT PANORAMIQUE;2010-01-01;1601700
16017003;THP 5PORTES;156;1296;1203;;2011-01-01;1601700
16018003;RC;177;1115;1100;;2008-01-01;1601800
16018004;S16;138;1064;1050;;1999-01-01;1601800
16019000;Cti;115;930;935;1,6 - CABRIOLET - PHASE 1;1986-01-01;1601900
16019001;GTL;80;807;810; 1,4;1984-01-01;1601900
16019002;GTI;105;883;855;1,6;1984-01-01;1601900
16019003;GTI;115;885;850;1,6;1987-01-01;1601900
16019004;GTI;130;910;880;1,9 PHASE2;1987-01-01;1601900
16019005;GTi;130;895;880;1,9 PHASE1 ANCIEN TABLEAU DE BORD;1986-01-01;1601900
16019006;RALLYE;103;810;790;1,3;1988-01-01;1601900
16019007;T16;200;1210;1145;;1985-01-01;1601900
16020000;RALLYE;100;850;810;1,3;1996-01-01;1602000
16020001;RALLYE MK2;103;900;890;1,6;1998-01-01;1602000
16020002;S16;120;970;950;;2002-01-01;1602000
17000;;245;1797;1720;3,5 V6 BA;2010-01-01;1700
1701000;GT;100;1030;970;;2008-01-01;170100
1701001;GT MK3;109;1030;980;0,9 TCE ;2017-01-01;170100
1701002;RS MK1;133;1085;1049;Banquette CUP 18kg - 2 sièges coulissants 38kg;2008-01-01;170100
1701003;RS MK1;133;1092;1049;CHASSIS SPORT - JA 16"";2008-01-01;170100
1701004;RS MK2;133;1101;1049;avec 2 sièges coulissants;2012-01-01;170100
1702000;TURBO;115;927;905;PHASE 2;1987-01-01;170200
1702001;TURBO BREAK;125;1088;1055;;1984-01-01;170200
1703000;;200;1540;1430;1,6 TCE INITIALE PARIS;2018-01-01;170300
1704000;GT TURBO MK1;115;845;830;;1985-01-01;170400
1704001;GT TURBO MK2;120;863;845;;1988-01-01;170400
1704002;GTX;90;850;825;;1987-01-01;170400
1705000;2,0 16;150;926;930;;1996-01-01;170500
1705001;2,0 16;150;930;930;;1997-01-01;170500
1706000;BITURBO V6 3,0L BACCARA;268;1780;1675;;1993-01-01;170600
1706001;BITURBO V6 3,0L RXE;268;1775;1675;;1993-01-01;170600
1706002;RT V6;170;1475;1465;;1992-01-01;170600
1706003;RXE V6;170;1600;1615;;1992-01-01;170600
1707000;2,0 16V EXPRESSION 5PORTES;136;1347;1250;;2004-01-01;170701
1707001;2,0 16V SPORT 3PORTES;136;1330;1230;;2003-01-01;170701
1707002;CC 2,0 16V;136;1487;1390;;2004-01-01;170701
1707003;CC 2,0T;165;1560;1415;;2005-01-01;170701
1707004;GT 2,0T LUXE;163;1361;1275;;2006-01-01;170701
1707005;GT 3PORTES;165;1334;1255;;2005-01-01;170701
1707006;RS;225;1367;1355;;2004-01-01;170701
1707007;RS;225;1384;1375;;2004-01-01;170701
1707008;RS;225;1360;1355;PAS VERSION LUXE;2006-01-01;170701
1707009;RS;225;1383;1375;CHASSIS CUP;2007-01-01;170701
17070010;RS DCI;175;1457;1450;;2007-01-01;170701
17070011;RS R26 F1 TEAM;0;1358;1345;;2007-01-01;170701
17070012;RS R26R;0;1271;1220;ARCEAU (15kg) Echappement Titane (6kg);2008-01-01;170701
17070013;2,0 TCE COUPE;190;1410;1320;;2012-01-01;170702
17070014;2,0 TCE COUPE BM;180;1370;1320;;2010-01-01;170702
17070015;COUPE GT 2,0 DCI;165;1465;1424;;2014-01-01;170702
17070016;GT 5PORTES;220;1387;1326;;2012-01-01;170702
17070017;RS;250;1399;1387;;2009-01-01;170702
17070018;RS;265;1415;1387;;2012-01-01;170702
17070019;RS 265 RB8;0;1435;1387;19"" Recaro CUP;2013-01-01;170702
17070020;RS P;2;1426;1394;;2014-01-01;170702
17070021;RS PH2 LUXE CHASSIS SPORT;265;1439;1394;TOIT PANORAMIQUE-JANTES 19;2014-01-01;170702
17070022;RS PH2 TROPHY;275;1393;1376;18"" AKRA PSCUP2 OHLINS;2014-01-01;170702
17070023;RS TROPHY;265;1409;1387;;2011-01-01;170702
17070024;RS TROPHY-R;275;1310;1297;18"" AKRA OHLINS PSCUP2 KIT NURBURGRING;2014-01-01;170702
17070025;GT 4CONTROL 2,0T;205;1449;1392;BOITE DOUBLE EMBRAYAGE;2016-01-01;170703
17070026;GT 4CONTROL Dci 1,6 EDC;165;1527;1430;BOITE DOUBLE EMBRAYAGE;2017-01-01;170703
17070027;GT DCI;165;1518;1430;;2018-01-01;170703
17070028;RS SPORT 1,8L TCE;280;1485;1430;CHASSIS SPORT - BOITE EDC;2018-01-01;170703
17070029;RS SPORT CUP 1,8L TCE;280;1452;1407;PACK CHASSIS CUP - BOITE MANUELLE;2018-01-01;170703
17070030;CAB 2,0 16V;150;1221;1110;;1998-01-01;170700
17070031;COUPE 2,0 16V;150;1156;1095;;1999-01-01;170700
17070032;COUPE 2,0 IDE;140;1131;1135;;2001-01-01;170700
1708000;2,0 T;205;1503;1320;;2005-01-01;170800
1708001;2,0T;165;1472;1320;;2004-01-01;170800
1708002;2,0T ESTATE;170;1552;1355;;2007-01-01;170800
1708003;3,0L V6 BVA INITIAL;210;1569;1480;;2002-01-01;170800
1708004;GT 2,0 Dci;180;1603;1539;;2008-01-01;170800
1708005;GT 2,0T;205;1548;1472;;2008-01-01;170800
1708006;2,0 DCI ESTATE BM;175;1610;1553;;2010-01-01;170801
1708007;2,0 DCI ESTATE GT BM;180;1650;1522;;2010-01-01;170801
1708008;2,0 DCI GRANTOUR;180;1652;1580;;2008-01-01;170801
1708009;3,0 V6 DCI BA;235;1670;1630;;2010-01-01;170801
17080010;COUPE 2,0 GT;205;1555;1428;BM;2010-01-01;170801
17080011;COUPE 3,0 V6 DCI BA;235;1712;1360;;2008-01-01;170801
17080012;COUPE 3,5 V6 BA;240;1620;1522;;2010-01-01;170801
17080013;RXT 3,0 V6 BM;194;1452;1375;;1998-01-01;170800
1709000;II 2,0 Dci 4WD INITIALE;177;1810;1747;;2018-01-01;170900
17010000;III V6 3,0L BVA;194;1802;1720;;2001-01-01;1701000
17010001;IV 3,5 V6 BA;245;1943;1815;;2010-01-01;1701000
17011000;TURBO 1,6;132;1165;1050;;1985-01-01;1701100
17012000;III V6 3,0 BVA;170;1715;1650;;1998-01-01;1701200
17012001;IV 1,6 TCE EDC;200;1730;1609;;2016-01-01;1701200
17012002;IV 1,8 TCE INTENS 7PLACES;225;1788;1610;;2018-01-01;1701200
17012003;IV 3,5 V6 BA;245;1887;1770;;2007-01-01;1701200
17013000;1,8 16S;140;1000;975;;1991-01-01;1701300
17013001;1,6 16V;110;1024;995;;1999-01-01;1701300
17013002;RS1;172;1067;1035;;2000-01-01;1701300
17013003;RS2;172;1111;1090;;2002-01-01;1701300
17013004;RS2 RAGNOTTI;172;1022;1021;PAS ABS INSO VITRES FINES ROUE SECOURS;2003-01-01;1701300
17013005;RS3;182;1123;1090;;2004-01-01;1701300
17013006;RS3 182 TEAM;0;1108;1075;RECARO SANS CLIM;2005-01-01;1701300
17013007;V6;230;1387;1335;;2000-01-01;1701300
17013008;V6;255;1403;1400;;2005-01-01;1701300
17013009;2,0 16V 5 PORTES;140;1220;1185;;2007-01-01;1701301
170130010;RS 200;197;1265;1240;;2007-01-01;1701301
170130011;RS LUXE;197;1281;1240;;2008-01-01;1701301
170130012;RS R27 F1 TEAM;197;1288;1270;;2007-01-01;1701301
170130013;RS WSR;197;1248;1240;;2008-01-01;1701301
170130014;RS2 203;201;1269;1235;;2010-01-01;1701301
170130015;RS2 203 GORDINI;0;1280;1235;;2011-01-01;1701301
170130016;RS EDC 5PORTES;200;1288;1204;;2014-01-01;1701302
170130017;RS TROPHY EDC;220;1276;1204;;2015-01-01;1701302
170130018;Rsi 1,8;110;972;955;;1996-01-01;1701300
170130019;WILLIAMS;150;1013;990;;1995-01-01;1701300
17014000;V6 BM;210;1786;1740;;2002-01-01;1701400
17014001;V6 BVA;210;1792;1740;;2002-01-01;1701400
17015000;TURBO;105;900;910;PHASE 1;1985-01-01;1701500
17016000;GORDINI 1,3;88;865;855;;1967-01-01;1701600
17017000;ALPINE TURBO 1,4L;110;857;870;;1982-01-01;1701700
17017001;TURBO 1;160;974;970;;1980-01-01;1701700
17017002;TURBO 2;160;995;970;;1985-01-01;1701700
17018000;TX V6;142;1310;1340;;1979-01-01;1701800
17019000;V6 INJECTION;144;1310;1280;PHASE 1;1985-01-01;1701900
17019001;V6 INJECTION;153;1346;1335;PHASE 2;1990-01-01;1701900
17019002;V6 TURBO 2,5L;182;1365;1350;PHASE 1;1987-01-01;1701900
17019003;V6 TURBO 2,5L;182;1402;1350;PHASE 2;1989-01-01;1701900
17020000;2L TURBO;175;1225;1190;;1991-01-01;1702000
17020001;2L TURBO;162;1284;1190;CATALYSEE;1993-01-01;1702000
17020002;2L TURBO QUADRA;175;1405;1345;;1990-01-01;1702000
17021000;16S;140;1100;1050;;1990-01-01;1702100
17021001;CABRIOLET Rsi;107;1195;1145;;1995-01-01;1702100
18000;ST CUPRA UNDER8;280;1412;1375;BVM BREAK;2015-01-01;1802
18001;ST CUPRA UNDER8;280;1438;1395;DSG;2015-01-01;1802
18002;COPA EDITION;285;1425;1375;;0001-01-01;1801
18003;CUPRA;240;1405;1375;2,0 TFSI;2010-01-01;1801
18004;CUPRA R;265;1410;1375;;2010-01-01;1801
18005;FR;200;1427;1334;2,0 TFSI;2007-01-01;1801
18006;CUPRA;280;1426;1346;DSG +26KG;2014-01-01;1802
18007;CUPRA;290;1416;1320;CUP2 - BREMBO;2016-01-01;1802
18008;CUPRA;290;1416;1345;;2016-01-01;1802
18009;CUPRA 5 PORTES BVM;280;1386;1320;;2015-01-01;1802
180010;CUPRA SC 3PORTES BVM;280;1361;1300;;2014-01-01;1802
180011;CUPRA SC 3PORTES UNDER8 BVM;280;1347;1300;;2014-01-01;1802
180012;SC FR 2,0 TDI;184;1358;1275;;2014-01-01;1802
180013;300 5 PORTES;300;1374;1322;;2017-01-01;1800
180014;300 DSG 5 PORTES;300;1407;1346;;2018-01-01;1800
180015;300 LINE BLACK 5 PORTES;300;1368;1320;BREMBO-CUP2 - BOITE MANUELLE;2017-01-01;1800
180016;R 5 PORTES;310;1361;1378;CUP2 - BREMBO;2018-01-01;1800
180017;SC LINE BLACK;300;1346;1320;BREMBO-CUP2 - BOITE MANUELLE;2017-01-01;1800
180018;CUPRA 4 2,8L V6;204;1512;1485;;2002-01-01;1800
180019;CUPRA-R 1,8T 20V;210;1362;1375;;2002-01-01;1800
180020;FR 1,8 T 20V;180;1371;1293;;2005-01-01;1800
180021;VT 1,8T 20V;180;1329;1247;;2000-01-01;1800
180022;VT4 1,8T 20V;180;1454;1385;4RM;2000-01-01;1800
1801000;1,5 Tsi 5PORTES;150;1179;1164;;2018-01-01;180104
1801001;CUPRA;156;1158;1119;1,8t 20V;2001-01-01;180102
1801002;CUPRA;180;1209;1177;1,8T 20V;2006-01-01;180103
1801003;CUPRA;160;1254;1215;TDI 2,0L;2007-01-01;180103
1801004;FR;150;1205;1154;1,8T 20V;2006-01-01;180103
1801005;CUPRA SC;180;1218;1186;1,4 TSI DSG;2014-01-01;180104
1801006;CUPRA SC;192;1236;1185;1,8;2016-01-01;180104
1801007;FR;140;1181;1167;1,4 TSI ACT;2014-01-01;180104
1801008;GTI;129;1049;1030;1,8 16V;1995-01-01;180101
1801009;GTI;115;1030;1005;2,0L;1993-01-01;180101
18010010;SXI;100;930;925;1,6L;1988-01-01;180100
19000;CABRIO BRABUS;109;1006;920;;2017-01-01;1900
1901000;BRABUS 1,5T;177;1160;1090;;2005-01-01;190100
20000;GT TURBO;211;1241;1235;;1997-01-01;2000
20001;GT TURBO;217;1286;1230;ABS CLIM;1999-01-01;2000
20002;STI HATCHB;300;1510;1505;;2011-01-01;2000
20003;STI-S;300;1515;1505;;2013-01-01;2000
20004;WRX;218;1394;1365;;2000-01-01;2000
20005;WRX;225;1405;1370;;2002-01-01;2000
20006;WRX;230;1455;1425;;2006-01-01;2000
20007;WRX;230;1425;1395;;2007-01-01;2000
20008;WRX STI;265;1480;1450;1425KG VERSION LIGHT;2002-01-01;2000
20009;WRX STI;265;1494;1470;;2004-01-01;2000
200010;WRX STI 2,5L;280;1497;1495;;2006-01-01;2000
2001000;BRZ PHASE 2;200;1253;1243;;2018-01-01;200100
22000;P100D;772;2289;2242;;2017-01-01;2200
22001;P85D;700;2239;2106;;2015-01-01;2200
22002;P90D;700;2245;2187;;2016-01-01;2200
22003;100D;422;2525;2388;22"";2018-01-01;2200
22004;P100D;613;2516;2422;19"";2017-01-01;2200
22005;P90D;539;2547;2441;;2016-01-01;2200
23000;;170;1315;1265;2,8L;1982-01-01;2300
23001;;235;1595;1625;3,0L GT TURBO;1987-01-01;2300
23002;;204;1595;1615;3,0i 24s;1987-01-01;2300
23003;BI-TURBO;330;1685;1630;;1994-01-01;2300
2301000;COUPE 1,5 16S;90;938;920;;1999-01-01;230100
2302000;;140;1060;1005;1,8 16;2004-01-01;230200
2302001;;140;1040;975;1,8 16S BM5 SPORT EDITION;2004-01-01;230200
2302002;;140;1066;1015;1,8 16S BM6;2003-01-01;230200
2302003;;160;1163;1155;2,0 Gti-16;1990-01-01;230200
2302004;;156;1276;1260;2,0 Gti-16 CATA;1993-01-01;230200
2303000;;0;2803;2580;4,5L V8 D-4D;2008-01-01;230300
2304000;;200;1241;1200;;2013-01-01;230400
2304001;;200;1244;1230;;2015-01-01;230400
2305000;;190;1215;1200;;2000-01-01;230500
2305001;GT-I 16;125;1060;1025;1,6L;1988-01-01;230500
2306000;;190;1183;1140;;2003-01-01;230600
2306001;1800 ST ABS;115;1136;1140;;1997-01-01;230600
2306002;I 1600GT;108;1036;1005;;1979-01-01;230600
2306003;TURBO 4WD;185;1485;1465;;1987-01-01;230600
2306004;TURBO 4WD;204;1475;1450;;1991-01-01;230600
2306005;TURBO 4x4 CARLOS SAINZ;208;1498;1460;;1991-01-01;230600
2306006;V 2,0 Gti-16;160;1250;1255;;1990-01-01;230600
